chrom1	breakpoint1	strand1	chrom2	breakpoint2	strand2	support	read_names
chr3	93470797	-	chr4	49711546	+	87	0e7cce97-a135-40fd-bb9f-ac8d65eada28,0ef683ad-1157-426f-b731-982044f09aa8,15059598-e9ed-4c7d-b7ea-74222a6bf769,185b76a8-a732-4568-8219-daf6f141d3b9,19dec8c9-29b6-4fce-9c14-edb5b270ad12,1d207209-8acd-4dae-90a0-68bddf701099,1faca75b-40e3-453c-88d3-f92a1e06a20d,20b85170-0058-42ed-9724-17e6c8616096,24718c65-4e6e-42e0-a1a8-61aabcbd6479,27d94dd4-efbf-436e-8a17-c3ef5463d37c,2a3b345a-c466-40f7-823c-d594a36291d5,2aaf0b0e-e469-4929-a2d1-33093781c125,2df661a5-e5c3-4d0c-97bf-250724229314,3250186c-b13c-4f86-8e9f-2871a5aa59f8,337e89bb-e0b0-495e-a836-e977c0bbae05,3388fe88-9e06-4d7c-b59f-52ad3ebfcd3a,36333215-5986-42ac-9404-e76fac6608ce,36ee2a5c-9bae-4191-91ed-7cae32c619d1,3fcdeb3c-3fc4-4bc6-96c8-1c8bdd2717cb,4061a77c-ae29-42af-bc90-c7a7b1f306f5,40b0bee1-614f-4233-a27d-3809c584e44f,4152ee3a-74ce-4ade-acb3-28400f6c75d4,41d2b4ac-fbc2-4d31-b33d-646aeaa11655,42f9066d-59f6-4193-9721-adb7f2dd6887,4c867830-197a-4e1d-adf5-edcee4989d9b,4e61d7e3-1400-4fbc-86e2-49da44ba66e8,53609006-e7d1-43a2-a280-609c46138c31,57038fc8-7e9d-4554-a2ce-14ec4411de61,59eb6d26-e551-428e-89ee-e561b8daa918,5b47cc63-9302-40f3-b31e-04691a0c0def,5b4e907f-ab7a-4fac-a0c5-d6e066833198,5cad02d9-8133-40b2-85bf-c86a1fd78a55,5d6e09c2-b280-4c0d-8cbc-a5186332ed6a,5f40d9f5-3528-4fb3-a3ed-d7aa5d74503d,602ac053-696e-401e-bc68-8abf1a888429,60e7f65d-72ef-4414-9f9a-cb512066fc4d,64651249-ed05-492d-9ee5-330a857ffe8a,65b267df-529e-4f01-9379-ba5a320f0f0d,70ff2315-dc58-4fc5-93d8-46368255207b,712a8868-6285-4f3b-b7eb-69d86a065cb2,72096f78-0586-481b-bbbb-3ba197b747d4,755e3311-59df-4dad-8b9c-ba9ccdfd2c51,7673f0da-738a-4e90-9190-d691faa4c174,76cee1b6-e8a2-4710-9f9d-bbd94de222cd,80aafab6-fdcd-45c4-8c51-3c051a56bcf9,846dc8c6-c8eb-4052-809f-336e9da05ec1,883ce5b3-a705-47aa-97cc-61f6a0553723,8c447bf9-08c1-44eb-a9ca-7b9663b46b05,8c886d2a-33df-47f8-9321-d4765ec3a37b,8cae3890-cd8e-4f4f-89cf-c4c4fd948060,8ee5916e-d465-44c4-8722-5318b7ba13fe,90ea15dc-4ecf-4fd0-958c-3b9d259a63ae,9466b34b-be49-448d-96e5-a3a7c3d49c00,95b70c25-05d3-418e-bd06-17e81bee65ba,9c4042c9-18b7-47c2-9d96-e30523902f7a,9cfbbc10-0f00-43f2-9f15-d36ac423f4cf,a08a3428-8820-4da5-b3be-195e84284c3f,a296d39b-60c9-42fd-9494-4a873ade9645,ab31333b-722d-4323-a1aa-d5ad6742648b,aed9ecee-c18f-4bbc-81ab-cedf9010becd,b0436837-5034-4300-a2e2-477d9f11a94c,b458edfc-e6f2-4bdb-b4bd-99e3fdd2ca80,b66fe2d9-9a2c-43f4-9cbe-e034eeac691d,b716d306-ffd9-43b0-9df0-18751e997ea3,c77fbdcc-bdbe-4962-a01f-8ac21db57f6d,c8fc1fa2-6d4d-44fa-b054-9732d8a936be,cda7b2d4-ac9a-43b8-8557-342930221426,d152052e-9751-448a-b959-f7a5e2a51c6d,d491520d-a63d-46ed-bab6-c99c0cb9fe06,d5259db4-f0c6-4231-a4e1-0142e0b4ca5f,d87490f7-1628-49ff-9691-c0705c86edb4,da4b9e9d-3e7a-4bb9-afbf-fa9ac09de176,dbd87f08-0561-4475-b3f0-a057c86b2675,dd5ea406-2dc9-4f91-9186-5d21a0ada9eb,dfae763d-c762-417d-be2c-f8aead878998,e0284737-fa28-40cd-8030-538f9cfb6f41,e06df2c6-e134-466c-9dca-02bf0b1e86ae,e3732d12-80e5-43c0-a8e9-2674e810a6ac,e58a2593-3347-4c50-8922-3c38053f3c22,e69854f2-d080-4da1-a7c6-e94615704760,ed653cd9-886a-45b8-8ce9-e8ec18f89f11,ee3adc68-d232-4a6b-add8-e81c825b62ed,eea10d76-c038-49a0-ab38-4e5da657dd11,f48824db-85ec-4922-a707-95bbda6d338d,f9bb7ec4-8c07-418e-885d-1be94dd331de,fd988662-e835-41fb-85bb-685ca6071dc2,ff58244b-0b17-4252-985d-3d3843105a00
chr3	93470393	+	chr4	49711949	-	71	00000500-a98d-4c73-9b45-27f378a8ffef,020e4b6b-c3a4-4cc4-b115-cde45687ddaa,0834a480-2018-4040-b215-00ab958c813d,0ef20f30-c324-4404-865c-4a9371c31faf,1916205f-2234-4c0a-b1c4-870bc17fbef4,1c2e4444-d3bf-4a70-8017-24aeac308f24,1e3849f7-cdb6-480f-9e39-b50c0d9b365a,24d997be-fa1e-4429-b568-ea7a04501011,25367b1f-c503-4d29-b963-8469b9bad4c3,27bce4d7-f767-4aaf-b220-8c10a5a9b400,29ff7328-d59b-4336-9239-ac6980b62fb8,2b0d3795-4602-4c4a-86f7-2ffabffcc667,2c4994ea-e133-4852-a940-536876c7757c,3afef4cc-54f0-43b3-aea2-a2e5c17a836a,3be72da9-f981-4b2f-8746-67ae8c88727c,3d978186-4105-4b98-94dc-418d2dbacd68,42362070-1f2d-4f5c-b5db-ec13d36a9ec9,45aeecd7-0bcf-4c3d-ae96-185c89f8b495,469ffab0-f162-4877-8625-2f4a639e1aca,46da307a-0d0b-4cd8-b759-6f62ecff35e7,471fb69d-c9f2-4205-a788-8e3e40fcc310,56d2cf91-132c-40f8-b569-d43d59a88dee,56ec724e-ec53-4a32-97dd-1546688ec1e5,5c0d020f-81e0-4ce5-983c-973287cc611f,6069c669-0829-460d-817e-1aa26241c74e,62f97778-05f2-48bd-b107-6dc3afe6958e,63b95b45-eb81-48e7-b744-2c11fc98c0b3,63bd426f-9274-4619-9d17-e985d218f3cd,69e3fcbe-0336-4b78-b4e1-0bae99d15077,6f197c77-3fb7-4a80-b331-da170c52c206,6ff4b95a-fa2a-4750-b0cc-0c554f54f8d3,70db2d73-bc5e-46dc-9a64-6716982b146c,78422329-f903-4507-a3fd-938b2a09d056,794556a8-5298-4d58-9615-16379580464d,81b05a58-461e-4c75-b962-9fb7a5cb5afb,847b93ff-4bb5-4edb-b34f-36d3bc8bbced,86db9fbf-35b8-46a1-ab2f-a1a67a7cbbac,871ecc71-ac7e-4d4c-a654-82004e2aa0b5,90a91f55-a874-46c4-9fbb-48c658d80933,9c6fa661-9b02-4585-aee0-bcb3a6194f75,a1603e12-2dc7-4a95-a590-5dbf8a1095d6,a198c09a-d7c6-4adf-9e6b-4d8debf1cd34,a6005b1e-bf6e-4fb8-8949-f545f43b956c,a8bbda84-f44a-4a93-bc18-9dd013129d10,ac1978b0-06d8-40f4-9988-5092e311963a,add02ca3-e332-485b-a50b-a7e447e7db72,b3341d08-7604-4d65-8faa-5031104b3b9c,b5e6a74c-63e8-4f33-884b-13c5cc4876ac,b8c32b5f-1def-4080-a6b1-3c080aebc5a7,ba2389a8-4a9a-4979-994c-535cde43b851,bb6c76e7-3ae6-44f4-9c04-a9e6fd25017f,c31288a7-b190-4a8d-9b36-746fdbfb5d87,c4becb46-4cbd-4a57-9416-10e600cd61d5,c4f00ebd-51c0-4363-beb8-ecd4c423fd3b,c4fbbdaf-2668-45a1-8a5a-f33da23aa6ea,c553759d-18f9-40aa-91ed-78c5c413ef04,c657ddab-091f-40dd-bc7e-02885f82c864,c9fe2565-84f6-42b5-8621-2144a321926c,cb901f59-2613-4220-8344-64d05430022f,cdc5d70f-1595-43e1-b86b-052f21c8857c,db92f486-3dd8-40db-9220-c1367e0f6d5c,dc62639f-0ab7-4b59-a727-75a59468ff7b,de31bff7-d270-4d93-8f01-97a5d4e28a58,e77d5ddc-c1b0-43bc-a9f7-a8f492f6200d,ef1646d7-785d-4c56-8734-0d8141f409d3,effa4937-4eea-4e29-8287-c0879e6f37ff,f7286ce2-9174-4b9f-b814-13ce7958cf9d,f792d250-4f6e-406c-a546-5ca0bf06a754,fc6c4d90-5158-4c82-bfeb-4da6d026d9ae
chr3	93470415	+	chr8	43237615	+	57	033a902d-933d-4e17-a631-c4118e841227,0688033b-be82-4b28-83ab-23e62af6d66e,07c3e29a-b624-4962-a655-20c7f98e033d,098d5312-0cbd-4e3d-80b8-31fe37de0a44,0c1f4847-2abb-4ca9-8abe-8a8f02190897,0e285f7c-c3d4-4f27-872e-4c24fc1d83ce,16133433-1d43-451c-880d-8b4bfac9f71d,197fbaec-ea35-40e4-bafc-66eddc089c60,1add48b3-23e3-45bf-9cd7-89ca47611acc,1af18a85-5a77-4749-bbfc-6d5c86382cfa,1d294491-e600-4d86-b2e0-31d6ea381df6,1f87c9d1-c60f-45fd-b031-ad9b2dfd7ae5,23c5502b-1247-484c-bb01-97e225117ca2,27ad944a-7687-4658-84aa-a729ce317c6f,285b5c31-ac96-492a-a5ff-1fcf28f61a64,3245c3d1-4642-4bba-b2bf-af722a518425,33a97b81-8d8d-4d4b-9537-76d44e71cd1e,3767f812-6d05-4d68-baa5-a58b65fdd2f6,37bd7b5d-242e-43ad-be37-04a6697fca86,3beef145-5dc8-431f-bf19-e91f84fe96dc,3d2384b8-2b6d-414f-9467-dadfc48ea581,47a3edb9-985e-4fb8-bfcb-b8ba141c8fa6,4c575873-e575-49bf-bd49-555a1218d173,4fafe326-18b9-4c1b-9ea5-5ebaea170657,527290e4-e624-4a16-a3fd-238cd1298756,597a5e59-05e6-42f2-8072-482066b67f47,63933f31-173f-423a-b8b4-4e247cb04838,64109605-7a1e-4b42-a13f-c797daa91d33,64af29f2-6d50-4711-97f2-48bfdf437b41,655ba846-7805-4531-b239-21ba589d9f3d,690ec363-02b4-4fe6-b3a1-3a4332df6ab8,6a36a224-f56e-41c0-8930-a8278d5a1f04,718727a2-9ab6-4c4e-af50-dac6ac9a645e,75068c89-7a5b-4645-b075-a6bc40b9edf2,84b2ec76-b20c-4d28-b3fb-5b98a3b9e4ad,8a90575e-389b-4dea-9159-cc740e53a238,8ae7ea26-decb-4528-b45f-1aa7a62e3905,94b080b6-e71a-4cb5-86ca-fd8382528df8,97964bcf-c2ea-4f97-aa49-45e3ade77f76,98c00eea-829d-4342-a8bd-fbc7af7c888c,9d8bd0ad-faa3-4abd-ac0a-bde502e6cf57,9f25d280-d7c2-4922-b452-1ff79eb476a4,9fceeb99-59f1-4fda-9313-86e87e1075d2,a260e4b1-6538-47b1-b9f4-1e953f6bdccf,a37f7ccc-c455-41fe-ad8e-27b75fcbfabd,a88b4b29-a962-4d9e-a0d3-1000d5e60b82,b60e975e-6434-4bf8-972e-c79d3a724c2d,bcb4ae7b-106e-42b0-a671-4d881fe139e0,c11840f4-37e0-4b49-802c-92f595f7f827,ce2d8311-b46c-4974-9f95-9156d1ec46ef,e210d881-0750-4202-9d3e-20c3840b51a7,e25da7f1-4ac3-4285-891d-c9cbd1e89a01,e404df03-d9b9-4bc3-a013-fd0303bac078,e7bd595f-c654-49af-853c-256871784108,eb812acb-1cb8-4e59-ad17-cc73fc756a64,f49b5647-5b8f-467f-a859-e141e314ded4,f73d9391-3a84-440c-b406-7538f93dd3b7
chr3	93470799	-	chr8	43238026	-	42	078ad6b6-e06e-4f74-a872-ff4f8731f3af,1701cae5-278d-4887-9576-265065498a5c,18d7726b-2845-4c69-8ee8-a08078602c28,199289a9-8a4f-49a5-9fba-f19a3b0cb4d5,1a271f3a-8764-4aed-b2da-68a066b9c191,1e061163-ca94-44c6-8a09-3481623274da,1e50ef8c-fe0a-46cf-8f80-dd48b65033d5,2bfba8b2-a732-4999-9849-9a860935e3c7,3719f678-f3c3-477a-b102-ec257fa85d56,3df3aff2-b6a1-415a-8d8e-254e5db20807,41fbccf7-457d-48d2-b87e-8f855b647f34,4b42ff44-6004-4b12-9ba5-052b542ea414,596ea6e5-9844-44c4-a423-fcb214b7ef8e,5efa472a-0002-497a-8f4b-95446fc57ce8,65a91ec7-999a-4945-82ca-04441e4deff0,6eb0b6db-9b2a-420e-9b05-630707295b38,729e01d2-5c20-45f4-8d3a-4fa36beee503,775ec51d-65f5-4321-bc6f-94524dfbc9ae,8053edf1-2033-49fd-8595-d657ec10f73f,851b6ee2-9c13-43cb-b221-d157cae7f585,92e13c34-ba1b-4ccc-a43f-d8268f5f560d,93708cec-6dde-49ca-97e0-bb705283582e,9e55e57c-d54d-4d58-b72a-f354201a4c5d,a151ac1a-91a8-48f8-b8f9-c7bb6d6b3c61,a85009a6-a3d3-4147-8a11-27b6ae9dc024,b79c6c8f-c48a-450f-8843-99ee35d4c870,b80a3843-02e4-4642-802a-073390728908,bbb0c26c-e9a8-4680-a72f-9730bf2cb9e9,c1a340c1-ec4a-4c76-bca4-59cb98b36232,c7dd3233-6a54-47e5-ae9f-8b2074295b76,d1f090ee-0d1e-4944-a9d4-3831adf84cb1,d2f28dda-75af-4bfe-985a-ce1eb33e9d35,da40de71-cdaf-454d-b296-6f02c1cb1cd5,db516710-16f0-433a-aa55-7ceacf4c4eee,dc1bf681-ad6a-4f8a-91af-7269709b35fc,de1f14b6-271a-409f-8806-c1dc83c70ada,e115f347-9773-40eb-83f7-21a6323dff19,e15ccca9-c914-4c30-b2fe-30c2f5873614,e1f5689d-bf17-4466-a917-0e6e74b8c413,f13e8576-5034-488e-a131-802430abd862,f45aa541-37a5-4515-8290-c53e54bd52b7,f8243243-ee59-4693-9b71-23a4fd27381c
chr3	93470379	+	chr4	51107559	-	39	01e4782e-eef0-4c21-bd3d-d47a4271db2e,09ff9d1e-e57c-4b59-9684-95593d7fc623,1429c34b-964c-4193-98b4-c0c0465ed410,1d07baaf-4882-4da8-946f-234e38f49972,1fec43f9-d5ad-4ffb-9752-6a50f995d8ce,203878c8-1dd3-43ba-a696-9e38d34987a7,2043c388-d4a4-429c-b9f6-bd6af341c50e,239144d1-b9ec-4cda-9c5f-29eb81de60e0,2afc70a2-fbdf-4039-a839-f723b67a730c,31b6e8fb-186a-4e6f-bb93-342994195b8c,36c4ac5e-d3c1-4a82-ba78-5b0bf2a2960c,476556d8-887c-470e-80f0-014c26bfd3fd,4a5d2aa9-59e3-4f5d-bf94-0782e6c253fe,4b7cd8cd-2de0-479f-96fd-7ab36bab24a4,4e8fee07-d42d-4746-8a7c-cafd3eef0aa8,5ab3d290-d4ed-45cd-8ecf-cac8a4f8103b,5b325ac6-a7b4-4885-892a-dfa597cd3d37,7213cd93-7a7a-4d9f-a64b-5a17afa51bc0,7442055f-e948-4eb6-991c-0264d92e05b0,747fd79d-2ba3-489c-b8dd-6c35c9f28219,76827ba6-7709-4dda-b732-b2e232d06785,76dd443c-6070-46a6-a802-5c0de4f7a674,7a671cc5-cfe5-4105-b08f-8366b1e4f141,7fef9086-be9d-4842-8070-a95030ab07f5,8067a886-60a8-4c45-9521-4eadc9041c6d,87c3c8c4-54b7-4514-af39-caf60b6a544c,885e62c7-a2eb-4691-86cf-5d196398043d,8a043721-ddbd-49d4-8322-3b98f26e1430,a46a1a0e-9587-46f4-b17a-944e3fa0748d,a4b3b4c8-f20a-4413-9146-0b240ba06c2c,b463e18c-d856-49f5-870b-0149e5d7a9c7,ba38b290-7c14-49e1-93bb-07f558b51c02,c5e122ff-f512-47b1-a7b6-154bc2622eb9,c9d53251-0b01-469f-80ff-63db6a6d3a5b,cfefa1e1-b1b9-47c0-9827-00f01028c7cd,d48abb73-c7e7-489b-a18b-5c80e5de6cc1,e1172d33-2ecd-457f-be13-8451663aecec,e72c998e-37db-4c3c-9b37-0953a7d24a45,fc03cb69-65c2-41e9-a59d-a2d03ced1731
chr3	93470363	+	chr4	49709458	-	29	0393edbf-0c63-4ec9-b7ea-60ec78987d8b,0d2d2d3e-2a4d-42c4-9e7a-12d44b55523b,14bac0de-5adf-4f6a-bde6-103ec331567e,1664b788-0b81-4f84-b7da-cfbb0ea919cb,1ff56062-1d27-4ed7-92b8-3c940280b58c,26e06cec-d2bb-49ce-8498-93e035472102,29385660-9509-4456-a9c8-0ecdc8ee0bb6,2a180f10-8e07-4b1e-bbe6-38eb624c3e72,332c51a8-e0ce-49d0-baa1-bf3372a5133c,4bf62dac-4356-4d99-84c6-1cea7c9ca658,5c64b2f9-d5fa-4df6-b8b5-2b93ad5120e7,5cc72c52-ac2b-468e-bae1-1ae3ef5225c9,6f48041a-2796-4855-a8eb-590b12d4ab71,8578f711-c9a9-4dd0-9931-cf7e81eb9475,99fb8ebe-e706-475c-912b-25c3c9e52242,9f1743d1-d027-4a8a-a960-2f74da91f86c,a66fb630-cb7f-4263-9246-a3f48331b084,a78868a3-92b1-47b0-96e8-a7d8deadc948,aadb935d-a1cc-43de-8b00-4f485a26b182,ae30436c-3a1a-4981-9822-9715e845d164,b05ab078-6f39-480f-ae10-9f3dc2211603,b2f7b9ff-10f1-4e87-be0d-8f083a384cf3,d946f62f-bd80-4454-b515-0d2ae408697b,e7fcff47-9cda-4458-b6c7-1e0165fee227,ee869ba4-ce05-4570-a28a-60fd75f123d3,f41cb777-20ee-4bb5-a2bd-250f3baf2b8f,f6527e36-e748-4d9e-af3d-80497cec2f34,f72988b9-d926-47a3-b234-b5ace953ff81,fe51054f-3b77-4539-bc85-c1ae28d92e9e
chr3	93470779	-	chr4	51107195	+	27	1536abab-1c43-4b3c-8db5-ed2d5d6e2dbe,15f9da5a-8a0e-4dff-bf9b-df55076ecc16,1778448d-c869-4cf1-a1a3-916e958c90a2,1a3f53e0-7981-47fc-8762-cb1cb2f763ee,1bce1a63-e3b7-48d9-b7ec-dbaed3abb5ea,1d502823-ef51-49c7-8a48-2f785e63b95e,26485392-a74b-4bc1-a317-bb5d0336175d,2a1405ca-6d27-47f3-8d30-25f227065514,2a3d96dd-bb54-4f3c-8dfb-f6c187632e26,363c00e6-9a12-4eef-8ce2-9aaead73d11c,384e87bf-caef-4c85-8af4-10f4d47292b1,3e9bbcec-54d5-4ae9-ae36-c97442871ef6,67d6fa4d-d6b7-4576-bd14-2029c41cc0d5,870af6fa-7557-4d4c-8590-45907410d9ef,88bb0ec9-53d1-4f6a-b80d-1726308bc6fd,94745914-e660-4911-b2bf-35ded97ede8f,9fb21c1c-9485-4b18-b66f-f48d453056c6,a5844896-6094-433e-b1bb-be0e609b06b8,ac1051ca-be63-4370-a541-8c2d2e5d9261,ac85f1e3-5f78-43b3-8942-e04291061863,adbd5951-895a-415e-8888-8948a1810ccf,af228008-be86-4070-97fa-615c2d15a80e,b292f380-f492-47c8-b406-bb4d2acb9413,c28d2d45-0322-4b59-a39f-f3af448c5871,ef66327b-5d47-456e-9e19-d0df64ca8a4f,f254cfee-3e1c-41d1-93c4-5702cdd6fdfd,fab3b9c2-9606-430f-9e94-4c1c3037686a
chr3	93470759	-	chr4	49709079	+	15	06d6107c-6e86-476d-95e7-55d2f23c94a1,0ddeffff-7a12-4755-8e80-d3660653c37c,235ac9eb-4477-41c0-8f48-84fcfbd1d17c,278941b9-ae16-428f-bfdb-0c6f488e49cf,3dbb37ff-6ade-4fbc-ab2f-6849610107f7,3fca61ab-9296-4c63-b888-a2ecaf127990,499b3109-dda1-438d-bccf-c68727b22914,4bfe0416-925e-448f-a274-3693ed950f22,967f3d55-ef37-46a2-a644-ae1e438182b0,9f73bafe-a6e0-435d-b1f5-7dd068d31d03,d831b572-ddaa-4b1f-8593-9d1d9fbb6e28,dcfa663f-0985-4501-9688-57ff890ccccd,e11101bc-9fee-456a-aba2-2bc2ac170f76,e71eee00-4e96-4fe5-b29f-691b1a462ba5,fa4255df-7b9a-43a8-9a5a-e93caa8406d1
chr3	93470471	+	chr4	49710295	-	12	0c788ca7-566d-42e6-b87e-361909be0e22,11b340bd-d804-4e84-862b-4688b8bd1bd6,22baf215-44a3-47bc-a576-7b0c6810499e,3b3ae000-9f6e-4042-95fd-cea12637fff8,468f0f99-bd31-4395-b122-e829adb4167e,521f4741-a0a1-4530-9ddf-5e329283363a,8ba69a9f-f1ac-4b36-bbc4-c99ed1245173,b6b480de-8059-417a-96c8-9b779f74b4a0,d7c7dcce-9135-41b1-af8a-906326d9dd1d,e38cbe05-d38e-4e2d-85c8-43f166c3d7d4,ed838cfe-4975-41bf-b9c3-df3322ef28ad,fc0c93d2-1e68-47e7-b6e2-fe0dab1c3426
chr3	93470797	-	chr4	49709783	+	11	0271cfbb-50f9-4dfe-9790-fb59a3d03539,0c552486-7cd5-41f4-93e2-d7861748160d,15d0da65-bf0c-4412-935e-48a72d8ddf8f,1bb3b850-a6a3-4dee-b9e8-19707e34a04c,591f6cd8-c7d8-4fa3-a413-1bac3d41eabc,605a90c1-5401-41ac-bf87-ca61437e713b,9bd73437-d69e-43d0-ac77-b125d19a9695,a55b1792-8df7-4271-b839-c017564dc46a,a5fea391-eb97-4a86-8845-cb21f6e17eac,bbd82291-662f-4ac6-b095-5c9c96c6b930,ff073192-ef7d-4d34-87fa-ba366cfb76a6
chr3	93470799	-	chr8	43238172	-	10	1e5af212-8c74-40d3-b64b-a4e96e5886b1,365e2253-be3c-45cd-b4c8-90a2e3bc346e,3e44540e-8c66-453c-85d1-a62ddbfba708,412f4d16-fd26-4b06-a201-132bb77beca1,45142cc9-dfd8-4e21-a616-70d3ecd5b52d,78a703ab-e5fc-4a5e-814f-737cdf3d5308,89ae64a6-bca5-423d-934f-1f40ba337d2c,bf6527b7-7860-47fa-8113-97341877ec49,d3764dfe-35f3-48b0-996a-5be5e3fa8e2b,ef111ed4-f18c-4791-a946-1c7417a7ecc4
chr3	93470528	+	chr4	49711944	-	9	1ddf11cf-1d31-4ab9-aa66-3923016835a1,4e3df002-5d1d-464a-8952-64bc7e2e7104,566a2d0f-7724-4a3d-a97d-3761c8b5d8b1,5d9641d1-2269-4583-868d-ec2ed758dbcb,7e65ae54-6976-4113-a1a5-b2b31fdbb5b5,9711f467-75c7-4753-a38b-024a8230ca91,a4a90922-2534-4006-8da1-286dbb81e32c,c2df450e-4f41-4faa-8490-395548ba3c0a,c9ea42d4-dc00-413b-9013-093b43c17e39
chr3	93470799	-	chr4	49711401	+	9	3e523c48-e2cb-411f-b22d-74ae5071eece,435b79d4-c891-4906-84e8-bf8b6478f77d,525da1f0-f5e2-4935-b552-8488cd1585d2,64acc38e-28f5-42af-bbb5-47427e5184e2,64edf083-3075-41dc-907b-d40882cec4ba,72dce5bc-958d-4ae7-8f86-5a053c959002,9fe7cd9c-55a3-4222-8c45-a840a62fb7bb,aa40d1e0-c423-407d-a322-e53199897c31,d96b5aa5-6a3e-4985-8437-818c939975c6
chr17	22521304	+	chrM	1	+	8	3bda02a2-91f6-4ac8-92ea-c8e6ab2def8d,4bc914b9-9166-42eb-ad7f-2d549807ec65,69aec8a2-b76a-4209-b25c-3121218c1884,93f3ea72-e677-4f66-8db1-0a748e6c4345,bc6b4f98-7b92-40ce-9674-ae88c4d29a28,c5a1ccdf-e530-4d8b-936b-6a396459f055,e5b0b723-a456-4b46-bf1b-7b7e57bfb460,ed97bc43-6744-41d9-828e-2c54393ef7ee
chr3	93470538	+	chr4	51107566	-	8	33ea771b-e1a3-4ce3-bf92-5d0f6fca44d1,448059b7-b347-43b0-8243-b503f1ae833b,4fe4298f-947e-4421-803f-f1ec8101ce24,62ae2c32-cd4f-4cec-b64b-c1326118cc81,653f2058-d7ef-4f3a-a13b-1c0d7ea47ea1,77aa6d35-3963-49f5-9d1d-076774dd3754,8c74b5b7-38eb-43da-8f26-6e69fd00a93f,e8c79264-5bac-4e24-b614-94721178a531
chr17	22521639	-	chrM	349	-	7	196e6d1d-271c-4069-8f8b-2bf54f57a710,350de748-c87d-40fc-a966-32a4c5649d3b,49878bcb-d838-4ca8-ad79-3d3a6ce1147b,5b9afa52-60dc-42f1-b67d-0184a7798e87,6cc03a24-091b-4ceb-ac48-67e212a8d706,bc9654da-5437-4b00-b0cd-dd471e33d712,d669ad9b-1b6f-46c8-9a12-5d2dac7ae85b
chr21	9800947	+	chr4	189557890	-	7	380b6d7b-9ab4-4372-b347-f660dd2d441e,45cea0ef-4b2d-4a77-be42-36cbb87a7ba6,48728286-eed1-441f-8d7e-e683e0cc6a52,a9669396-18d7-4f01-a11a-ff433b328d5e,c2b39c75-96d2-4564-811f-8e06adc444c4,f935d702-6117-4170-b518-9880cd6aa28f
chr3	93470798	-	chr8	43239600	+	6	2199bc50-7ee2-4f80-b07b-8f34580a5feb,3e05da06-4dca-4474-beea-4d1f7f03d1e7,8fed743e-9843-4839-9e70-2b2fa9dfa5cc,d4410ac6-7343-40a2-aae9-8f4c56e80e7d,defdf703-a2f7-439b-85a3-b6c08f62d80d,f6006a1a-4aba-4658-8730-977bbff5959c
chr3	93470459	+	chr4	49711176	-	5	1584018e-4e48-4f7e-8862-6e44e3bf6111,89afead7-30ba-4da0-adfe-2915aab961a0,aa584919-d68e-488d-860d-90a305c1adbf,bc3fff46-060f-4d05-82c3-b7db6302319d,d335b216-3bad-4eb6-9f9b-a060a1fae990
chr3	93470781	-	chr8	43238451	-	5	28030664-f5a0-4538-b04f-66248ce58285,5f0837f9-2062-4ad5-aff0-a09bff7f48bd,6521a6d1-e7d6-468c-abe5-46776cf4cd41,6a572dca-f94c-4dcb-a9ea-12c5f526a66a,7c874b6f-277e-46b0-aa7c-832e41464446
chr3	93470799	-	chr8	43238335	-	5	009e682a-b87f-46da-a51d-910e258b6df2,3688017d-6d20-4aa0-aa03-7cf387b05dcb,aca17382-dd7f-473c-a4ee-5d82769db9f1,e7a942b3-5c1d-4e0f-a172-921318374cfc,f5eccd59-4f46-4a1a-a1e9-2768cac4035f
chr1	875830	+	chr4	189981026	-	4	384a61e2-9741-40ed-9b49-1d6f99a424c4,7bd5c2d9-5ec0-47f1-a9e7-5cb848cf5a6a,fa6345da-9b86-4509-925c-294f09e1bf65
chr14	104806812	-	chr17	80313410	+	4	8e4f243c-0b7a-42ef-9cab-05cbb62e53d7,9d1b374f-e6ef-4a76-b79d-95bb06d15796,9f974dd8-6345-4f7a-ae50-ae48b02841de,e59f8573-3cb6-4489-97cb-dd2eabe67b42
chr17	22521226	+	chrM	16283	+	4	45ec5034-7c70-4415-8c61-994b68c65474,75aeb2cf-e40d-4760-b1d6-3749e6c086c1,a2790b77-4ed6-45b9-be9a-5c697bdc3dc4,dd031e26-125b-4da1-8c58-2b3a876fd89b
chr3	93470362	+	chr8	43237750	+	4	39c6b659-eecd-4797-9a9a-bf3f1b855103,46503945-d026-4d8a-a0bd-89941f6d5da8,c8085cb7-b629-43ea-b381-da0cfff178df,f44ad31e-ace5-4f51-a0e8-29ab3b78fdb2
chr1	209566653	+	chr5	49656273	+	3	c203e5e7-b7b6-4eb2-b574-edee3338426f
chr11	356451	+	chr19	33903995	-	3	00653f5b-4e4d-4e58-aee3-f2d187906827,577c44ed-ac5c-4c0d-8d0c-531846aa7afd,9b2fd3f3-6165-4af0-b468-18e2e6facf68
chr11	38791441	-	chr8	51818922	-	3	1b53c4ed-d69e-478e-8db4-c733a324ee55,272ab304-f692-4f35-85f0-394cf84d16b5,d24afc68-7d48-4735-a298-cc95c1f0acca
chr11	62074210	+	chr14	81320430	+	3	001244b9-5182-4879-b85d-99ee63076b45,375b08b8-dd26-4343-9351-d1b484be7e46,8749a80a-0286-4314-86ae-5409d4d3f203
chr13	38956829	-	chr6	77591354	-	3	4c18ee4f-64d2-4a02-be24-b5e57e5d97ea,f29da6b1-271a-4c7b-82c6-2671d6eead63
chr13	45426272	+	chr3	93470799	-	3	b9f9201e-9724-462d-94ad-e5c457125581
chr13	64517602	-	chr6	104106189	+	3	d542f55f-7db3-4420-8028-d0e6286d45e2
chr17	22521492	-	chrM	16569	-	3	214ccff7-e757-4627-ab84-b6500d09cdd8,ad50237c-7e55-4ee0-a0d3-73f93e0b7a18,d894e272-4eca-45d6-a286-d03da19c5d27
chr21	9707765	-	chr3	93470790	-	3	814958cc-8038-4910-95ed-f803489d5ee8
chr21	9801344	-	chr4	189557647	+	3	01681af0-7b9d-4f1c-99f9-352816485dca,ff8fa911-66d9-4a21-8489-48fcd3ff196e
chr21	10457889	+	chrY	56854864	+	3	37cad738-af63-436f-8ea4-53197471d4a8,73d45e32-ab95-4dd2-9651-5049fd628b39,e5bdf3fa-0202-4eac-b784-7593b44a12ce
chr3	93470362	+	chr4	49709594	-	3	169469d3-6d7d-4249-b6f4-4650471f21e0,73c86aa8-b661-494a-9213-8d02a1462e05,a4fdecf0-ebe4-409c-ac81-2efd59c1e037
chr3	93470436	+	chr8	43240377	-	3	429a2250-78ac-4d42-a66b-a7a38903deca,a41fdb55-6318-4cde-93da-961110525141,d90d60d6-40b8-4cc4-949a-7616c7a131e5
chr3	93470624	-	chr4	49709842	+	3	6029db80-60f7-420f-b464-7ddbee7f37dc,a1028878-2c60-47b7-b249-8034fbb240e8,ddf5cd19-852b-4344-a6c4-73d2b36e7979
chr3	93470669	-	chr8	43239393	+	3	230e182c-4c3d-4e31-b468-488175724ba9,b1ed1084-a5c9-4fd0-8b0f-ac4363f7cd9e,f4c8af17-8d0a-42f0-8c56-164eef37040b
chr3	93470763	-	chr8	43238825	-	3	9668ea98-ce52-4189-a91c-0f58957fcc33,d45630e0-64af-42e3-8b50-bbb02affbd93,f8294550-78c4-49aa-9d87-bd6e3e7d5d68
chr3	93470799	-	chr4	49710193	-	3	58ccb926-5c21-4dd1-a89c-07eb9dfc396a,aa36d593-4d6d-4b94-accf-181ec8db3b8f,d152052e-9751-448a-b959-f7a5e2a51c6d
chr1	6504440	+	chr16	10000650	+	2	89f35840-f302-4a17-ba93-1b237f31523f
chr1	28189056	+	chr19	23845151	-	2	406b6869-f6c2-41d9-b5c1-9af53f89a07f,70ffa23f-d3a0-4570-a04c-d0f6c4129f31
chr1	75906437	+	chr7	142042398	+	2	5358643d-845c-4610-9be9-0a4acd9db7b7,9c661a0c-2ba0-4413-ab76-cfcdfc486425
chr1	84656549	-	chr4	76211852	-	2	8ec37e6c-0f9c-4dbf-8272-980093a1d974
chr1	109108154	-	chr22	29767384	+	2	4feb49b5-ce29-4fe5-b49d-4c0435b2db90,ebf960e0-4cdd-445c-9457-74d1ee68f3e5
chr1	167767839	-	chr6	111896928	-	2	faa2b47e-66c6-41a8-9d05-f7fdd2082e8a
chr1	224593708	+	chr10	60143792	-	2	03b3699c-0776-41fa-8317-d83b341949cb
chr1	231613044	-	chr9	12426806	+	2	df3c53f2-87bc-44fd-9784-67d791764798
chr1	240846243	-	chr2	75245387	-	2	8c80d08b-26ad-4477-92d3-01c0703c2450
chr1	247937462	+	chr3	115231113	-	2	77d6c350-48aa-4416-90e8-13a1a21d5599
chr1	248945236	+	chr15	101980766	+	2	1b405322-e4cf-48ec-8606-8be0b6f60323
chr10	16902913	-	chr21	5243904	+	2	fd347d58-d989-488e-96e1-63e6550b0296
chr10	16902913	-	chr4	189881552	-	2	fd347d58-d989-488e-96e1-63e6550b0296
chr10	52490272	+	chr11	964778	+	2	5f39fe08-dc32-4710-89bb-dd8a1c6ded75
chr10	64602117	-	chrM	13840	+	2	41c2eff8-fb36-446c-bb08-2f59bce6d22a
chr10	90507762	+	chr18	9366114	+	2	268d3359-212a-4270-9071-56d0bce07a4a
chr10	100094782	+	chrX	91080662	-	2	31bb2595-ace4-4d0c-b6d6-9703e48b9efc,b7405c43-474a-4096-bc48-a7c68b9442f5
chr10	133786643	+	chr3	10978	-	2	a7356acd-eaf7-447d-9079-e590e6e54790
chr11	483271	-	chr3	93470794	-	2	8f4f3bc5-e2fd-4f5b-a27a-4078c5af08b0
chr11	1680209	+	chr14	24406206	+	2	89226a48-c581-4fbc-b353-425e87ef4a61
chr11	22643272	-	chr6	12914567	+	2	a7d24fd4-3087-4d46-b62b-30e8593895a3
chr11	25458360	+	chr5	164578095	+	2	003ba553-1d8f-4408-aec4-b4e94a4c31f8
chr11	38791119	-	chr8	51817740	-	2	5098a9ef-ad3f-4223-a6c6-e68b40539306,d36468da-5b43-421a-b5df-e085677efb6e
chr11	39057631	+	chr4	92613361	-	2	83a0bfdf-670f-4b87-963b-fe2af3da070a
chr11	47027127	-	chr3	93470798	-	2	b40b41e3-9058-4edb-937e-3a11421e87d5
chr11	62074341	-	chr14	81320951	-	2	29845694-db68-4a5b-88b3-955a2d123bd7,7492d57c-0008-4ea8-8088-d3959140c82d
chr11	84777577	+	chr19	15883416	-	2	b3986e94-da58-4b3e-97df-1253d38640dd
chr11	106047804	-	chr3	93470757	-	2	f43560b3-cbff-48af-a84b-339177615167
chr11	119695289	+	chr8	88866918	+	2	2c30c9ed-b0e0-4a90-8e18-c27d739995c0
chr12	806578	+	chr9	109484788	-	2	b3eae511-7127-4fa4-a4aa-cc41e0fd1cbe
chr12	18961316	-	chr4	149391761	-	2	06a6750d-8e0d-4ea3-89eb-34a6f47abd0f
chr12	55390615	-	chr2	177983396	-	2	05ddc15f-e581-4cb1-bb13-d8a6710c3b1a,49e01667-ef94-4c39-a13d-fb5745891768
chr12	56595960	+	chr15	39702422	+	2	55052dcd-f5ba-4260-bed3-f4d684f90ec2,d18ac963-5214-4fb6-a510-2d8339779e49
chr12	71087484	+	chr13	66366057	+	2	58f3e965-656e-4b8f-8cc9-bde130108f4f
chr12	81092964	-	chr3	93470744	-	2	72c7d2c8-e414-4a0e-862b-d2f1235ef005
chr12	95842165	+	chr13	52123840	+	2	14ad7131-0658-4071-a11a-049b96785f9a,d373c1c1-6954-4b0d-8d77-77131f71bf4c
chr12	107277428	-	chr6	92785270	+	2	0dfb6b19-d2ea-4a50-a544-1cb3d606c3c6
chr12	108702036	+	chr13	24076597	+	2	5e0de30c-4504-4db5-96b7-b1ee13a7e172
chr12	133256775	-	chr3	10001	+	2	6e070c3f-2667-4133-bf60-a9ef5869ea5a,71a5197c-47da-4f56-9dd9-1f78af165316
chr13	18734429	+	chrM	10435	+	2	e5e8dd35-bec1-42ac-84ba-c39376979732
chr13	27424509	+	chr3	93470800	-	2	6b113e3a-df2b-412e-8546-e19dcc66eb7f
chr13	31733092	+	chr3	126260390	+	2	588ab3bd-9e77-4754-a7c0-32cf6e95bf07
chr13	37349421	+	chr3	93470402	+	2	577861bd-2b1b-4d49-b607-5c0df060f1c1
chr13	38955957	+	chr6	77590423	+	2	d3840a90-a261-4b1a-95cc-223e287b51bb,ee0a5283-4907-4da7-8bad-99fe4b03bddb
chr13	38956386	+	chr18	33306452	+	2	08675390-12bc-494a-a7d1-0f65725d3373,0fec478c-6655-4539-ab7b-fafe92e93889
chr13	38961500	-	chr18	33306606	-	2	04160f30-38ef-4844-918a-aa01584e7c09
chr13	44914758	-	chr2	163138869	+	2	e4c6cafe-bfe0-462c-a450-e89919eab859
chr13	45426272	+	chr3	93470402	+	2	b9f9201e-9724-462d-94ad-e5c457125581
chr13	52975121	-	chr3	121952310	+	2	213ddb6a-e604-4909-ac7c-73e76a3b3914
chr13	53594684	+	chr9	95471053	+	2	a2fed182-923e-47ca-8f7c-d22e73fed7b0
chr13	54603791	+	chr3	93470796	-	2	bf38ad8e-16e3-4b6d-9e55-0a928617fb12
chr13	55921671	-	chr7	54395685	-	2	008b34a8-df30-47b1-be55-1377512aa108,c9720526-0f7f-48ab-8b7e-888d5ba50cda
chr13	61382012	-	chr3	93470798	-	2	0a9ba6ae-c5ce-437d-8258-4e6af4d3b254
chr13	66444392	+	chr3	93470716	-	2	bb8e39c3-90fa-4c5d-8441-1d07e07293df
chr13	104040366	-	chr3	93470363	+	2	7d276644-9219-4d87-9b85-fdd646ed62b8
chr13	104040366	-	chr3	93470800	-	2	7d276644-9219-4d87-9b85-fdd646ed62b8
chr14	35439545	-	chrM	14213	-	2	85613a09-8abf-49e2-a02e-15a11f9fdbeb
chr14	37300060	+	chr16	61045380	-	2	75f31f77-fca6-48ec-85fd-da238f1aa83f,9ac8f47f-029d-4a99-8895-96fcdd10cc72
chr14	89362824	-	chr20	63693441	-	2	d3b7be9a-c084-43aa-839b-2bc462d61e10
chr14	95117386	-	chr17	55378873	+	2	325283ae-efd8-451c-a364-dee0675d88c0
chr15	20233040	+	chr5	35448709	+	2	b10e81cc-ea30-41d2-a978-8aebfd73db69
chr15	25528442	-	chr9	400036	+	2	23884e86-111b-4c94-87c4-88b629258604,730ab9c7-1b27-4b76-bc29-a65112ec4250
chr15	28415964	+	chr3	93470394	+	2	64cc566f-ea4b-401d-a208-346294361256
chr15	29522770	+	chr3	93470753	-	2	88e0303f-e20a-420e-93e1-c70619ecb7fc
chr15	29718152	-	chr3	93470709	-	2	4546a4e1-c299-4634-84a1-534a4b4ef1e6
chr15	29917640	-	chr3	93470391	+	2	5f8d6e51-d4c7-417d-9778-a6c701dba54c
chr15	30145977	-	chr2	69313585	-	2	1554ef94-d960-4fed-b326-99ae0e2b5784
chr15	37080199	-	chr5	84820408	+	2	27a4d47a-63a0-4e52-aeef-09c3cba012d1
chr15	40561910	+	chr7	26213351	-	2	063d7bf5-47da-45b2-a493-b9714f135192,be5800c2-e49e-4f07-b566-c4d3061905c2
chr15	41197561	+	chr9	129586209	-	2	df46cef2-6699-43ba-9514-46f2061e6fed,ebf08fcb-df49-4954-a86f-fb9f74262457
chr15	44728731	-	chr3	93470800	-	2	b2698cc2-a212-44cc-a557-95545b89a3c0
chr16	10388	-	chr22	50808112	+	2	1bf3a67f-b1a5-45cc-a87d-877af941f3bc,79921425-605a-4b8c-8061-1f028afa069f
chr16	15961665	-	chr7	51432820	+	2	170cb5e0-a3b3-437d-ac40-aaa121aef549
chr16	46385867	+	chr2	88280252	-	2	625474c4-7851-49a9-871b-787eeaad9a69
chr16	82691714	-	chr3	158283114	+	2	a5a36ea4-b5a9-41b0-8b10-b206e5161c43
chr16	89587120	+	chr5	169639823	-	2	d5a0a1a4-ba34-4b7e-a33d-59fec45b557d
chr17	489116	-	chr2	194492125	-	2	b9d580cf-5c6a-44a6-8802-41cd77e9f3b6
chr18	5893043	-	chr9	102991285	-	2	b02f0684-8e5e-4304-a050-65bab42ff79f
chr18	63218826	-	chr3	16507090	+	2	14aa4003-68a9-47c1-897d-d315d8ef957d
chr19	18724802	-	chr8	95253709	-	2	3924caea-ce52-4c37-ae71-bbf2880f91b8,8c2da68a-2d29-46ce-8001-f3c0667821a2
chr2	94809367	+	chr9	64124018	-	2	4da98327-5969-45ee-ac0e-546b35b03af5,6b6a5b41-1862-40bf-8b33-79f532dcda4b
chr2	94809488	-	chr9	64123705	+	2	179fd0e8-9378-431c-8109-1cb3bc7b825b,8bc6141b-f606-4d6c-8f51-037b1c1e861d
chr2	115618887	+	chr9	128696385	-	2	17bb42fb-e826-4e70-bed1-34f7993915d8,58151905-9d22-435d-9aee-dcbc7ba50fb9
chr2	131905791	-	chr5	11230295	+	2	f33983c0-fd00-4ee7-a7dc-ee412f8d2569
chr2	171703611	+	chr3	93470391	+	2	e35a5951-3e30-487a-8a81-306690636601
chr2	174327009	-	chr6	44044528	+	2	42828c1d-16c1-4226-a313-605118ac8e52
chr2	203190692	+	chr9	129429246	+	2	213106df-40ff-44aa-b3f4-aaa6371b4b46,bb261047-3281-4824-b990-6d98950e95b5
chr2	213432759	+	chr7	93625346	-	2	fa3764ba-db86-40fd-9b21-101b2a41fa68
chr2	233725317	-	chr3	150245135	+	2	44f54330-12b0-41d6-b01f-f6ff1341fcaf,690a6397-b712-4336-848d-2bcf91905359
chr20	17032403	+	chrX	66097714	-	2	0c6605c9-f15a-4fd6-a868-255cdd892501,a60cd5d0-c0b3-45aa-bf66-773e0fa548a7
chr20	32761523	+	chr3	93470798	-	2	9dbe2a06-1286-4654-a55d-a420bd2c3b75
chr20	33012676	+	chr3	87213212	+	2	9eeddf22-ec43-4ada-bfb9-caab172570bd
chr20	37042184	+	chr3	93470764	-	2	bbbd92e9-d7b4-453f-b6f9-134a5ebf0cdb
chr20	38423352	+	chr3	48210573	+	2	3b1124f2-caf5-4470-bd9f-e8a790be66ec,970c8f81-5af5-45a5-9d3e-853e3076c0cc
chr20	52530322	+	chr5	152118167	-	2	451a5ef5-9c0c-4342-8f98-2a9e85add010
chr21	9801046	-	chr4	189552374	+	2	d127de0f-d0f1-4534-b223-bff7431f97dc
chr21	9801046	-	chr4	189552606	+	2	7c7fd506-81e6-4dc2-b8ce-1f2a5707f5e1
chr21	31324250	+	chr4	80866446	+	2	dcd953a9-2c51-4b4d-98ef-550831799a6a
chr21	43262856	-	chrM	14002	+	2	0cb34489-c964-478b-8418-2719d2894d7c
chr22	12309841	+	chr4	189881552	-	2	7721dc1c-b72a-4d4c-bfed-e4a1afa5dabf,7fc64208-8e88-4687-a514-aab2af3b2dfb
chr22	12554929	-	chr4	189881552	-	2	59ff6992-ba3b-43b2-ae32-a2233245c5d5,7fc64208-8e88-4687-a514-aab2af3b2dfb
chr22	12692339	+	chrY	11318714	+	2	8156be1c-ed07-402e-8eba-2c8ff4b2527f,c448be9d-281a-4fae-9378-74aff3f49ab2
chr22	28059385	-	chr3	57808364	-	2	feb251f2-6e0e-45b6-ab1c-980db60e6133
chr22	50485915	-	chr3	93470799	-	2	7d29ea67-1a15-42e6-aef6-d77fc1a82b98
chr3	46324107	+	chr9	110597595	-	2	8de74fb1-7b12-4bd9-b757-7fa6020cf343
chr3	79508235	+	chr4	60990190	-	2	e2547755-9696-43b5-bd2b-3ecc2188a91f
chr3	93470362	+	chr4	49709280	+	2	0af3b8cc-b0e4-4f8c-a13a-8ec1cc3641ff,53487ff6-e4f7-47ec-a104-0f7b4dce05dc
chr3	93470362	+	chr4	49710147	-	2	d47da25d-bc88-49b0-9dca-28056bbf6a6a,fb6873e7-d966-49a8-9ac5-9d5e6282ce8a
chr3	93470362	+	chr4	49710870	-	2	60b8bbce-4c5c-4235-850b-11506cd34731,a560b593-b03c-4595-8d02-531769f39bad
chr3	93470363	+	chr8	43238115	+	2	4f0c1fda-6dc3-45d2-9f8f-4bc1fd6b724f,829ec6b6-8534-4052-97d5-413e8ecacf67
chr3	93470367	+	chrM	13608	-	2	2f68579c-004a-4b9f-8454-f3d3bdc33511,3ee18c17-ceab-4a02-be10-ff437a523742
chr3	93470381	+	chrX	110485866	-	2	884b52fe-fa4f-4997-a9c0-e7614968339d
chr3	93470382	+	chr4	49711012	-	2	32ec05c2-5da5-4756-bb66-7e240dc65dd6,6c649fbb-c275-44f1-8452-660b6c6ed9d4
chr3	93470382	+	chrX	77487304	-	2	07fbce8b-971e-4df4-8926-226ce33334d2
chr3	93470496	+	chr4	49709803	-	2	6a9c7891-ba4d-47be-bc9c-2ce5558466e3,9c5cc95e-e56b-49ca-8ab7-087f1f176936
chr3	93470518	-	chr4	49709070	+	2	31024912-bb06-47a2-88c6-adaa64abc6fc,7c9ff961-7435-4d5d-9ed5-b4f1abb62f96
chr3	93470536	+	chr8	43238395	+	2	5d2dd914-bfa2-4656-afd4-9a24e2c54a5f,bd5e1bab-d5ce-41e5-944e-4643763c6dc1
chr3	93470544	+	chr8	43237603	+	2	40873b8a-58ad-4595-9a6f-c5219218e327,aa6bcaa3-d4bb-4657-bc50-209da4a25575
chr3	93470551	+	chr4	49709932	-	2	4dfe480e-33e7-4d31-b820-565aedf3f56c,76caf404-c7aa-40b0-b097-b9eee6099361
chr3	93470642	-	chr4	49710206	+	2	1b94735d-ebb3-48f9-bfea-2df953285d65,8f3017f0-852b-419a-83f7-0fc3eb7905f8
chr3	93470650	-	chr8	43238181	-	2	56ad45f6-180a-4ba2-8141-28eedecc6557,e980f42d-250c-475e-a350-84036da43a5d
chr3	93470658	-	chr8	43238336	-	2	094f0e91-ebc4-44d7-81b4-fb9ecc760d14,d3aaca50-e59e-4502-9802-460da15ad7cd
chr3	93470757	-	chr8	43238569	-	2	741deeb3-e8d7-4f22-871a-20435cf6b418,fdf8f2ef-0efe-44e2-9be5-b414a84ccb1c
chr3	93470793	-	chr4	49711690	+	2	7fdf0188-32d4-4fa4-8f36-538ad617a91f,ce24fb5b-4dd0-4505-8aac-934f2c0f5489
chr3	93470798	-	chr4	49709609	+	2	e00472c7-3d35-4f92-b91c-d78209995720,f2cb621f-c2a0-4c1a-98d6-d470b153a22b
chr3	93470799	-	chr4	49709381	+	2	858572a2-d98b-4015-97b8-c39f99016889,e80076bf-b97d-4fc8-8333-598fef4ecd30
chr3	93470799	-	chr4	51107370	+	2	35b946bd-70d7-43f1-a5de-6e714a70789d,76d904b3-2855-4bb1-b084-9e9b72d7cb5e
chr3	93470800	-	chr4	49710510	+	2	5dc3d3a8-6d94-4ac1-83c8-3b79cbe083f5,ad4ef907-2b26-42aa-8610-d7bdb6780346
chr3	99461152	+	chr8	127718431	-	2	16a09dca-f62a-4b79-8d0f-b926ef7214d7
chr3	147308941	-	chr8	68407874	-	2	30f4f756-0326-4604-9f7a-656163df2c5e
chr4	5706294	+	chr7	138622281	-	2	45209547-4978-4729-b006-2742aa6abc52,de4847f9-681d-4bfd-9426-2c571a3470ef
chr4	28256532	+	chrX	1171789	-	2	afd7ec30-7947-4701-8ae2-8fc7ea0d14cb
chr4	43864928	+	chrM	14165	+	2	1849092d-dd35-4ccb-a214-48af0170336e
chr4	49709072	+	chrY	56837136	-	2	fbb1e475-f1ea-4d50-9271-da85b4a80057
chr4	79973321	-	chr5	21207932	-	2	0618cca2-201e-43cc-8ba8-bf23b5cd3323,21a30183-65cc-47da-8f73-4fc65b71372d
chr4	106903440	+	chr7	21652747	-	2	66632c9a-260c-4265-93df-02a96bcf9ef5
chr4	119320726	+	chr9	134247996	-	2	08a28abc-3815-46fc-862b-9e61a936e458
chr4	189881552	-	chr9	40939572	-	2	38f55994-34ce-4784-93cc-ed366a3cc043,ea5cb5de-72f0-4f4a-91c0-e941d5262430
chr5	11690490	+	chr6	155727500	+	2	83b29c84-aa37-4927-9719-cdd0b5c0be72
chr5	65279902	-	chrX	108853286	+	2	d7db8b08-d925-4fac-b05a-97d3b7c91f4a
chr5	134927708	-	chrM	10993	+	2	89dfc774-5b51-42a1-b328-07bffd66a716,8a38b5d6-b5a9-468d-962c-a1bd9b641f68
chr7	84878820	+	chr9	68591952	-	2	92857912-d460-404b-a02f-99bb0218c038
chr7	96159013	+	chrX	125449455	+	2	556ce32b-f4b0-4239-a105-1bf31fcc39d2
chr7	142694019	-	chr8	108100068	+	2	d39ec630-2f18-473c-ae09-3afc22d8c85d
chr7	146610128	-	chr9	101012426	+	2	5391af3e-ff38-4818-b001-c3d21d7f6ef7
chr8	98583355	-	chr9	132242881	+	2	8baa9bec-a042-424d-aea4-e7f41421ef07
